Drug,TargetSymbol
81C6 131I,TNC
ABAGOVOMAB,MUC16
ABATACEPT,CD86
ABCIXIMAB,ITGB3
ABEDITEROL,ADRB2
ABEMACICLIB,CDK4
ABEMACICLIB,CDK6
ABRILUMAB,ITGA4
ABRILUMAB,ITGB7
AC-480,EGFR
AC-480,ERBB2
AC-480,ERBB4
ACALABRUTINIB,BTK
ACALISIB,PIK3CD
ACAMPROSATE,GABRA3
ACECLOFENAC,PTGS2
ACEMETACIN,PTGS2
ACETAMINOPHEN,PTGS2
ACETAZOLAMIDE,CA12
ACETAZOLAMIDE,CA2
ACETYLDIGITOXIN,ATP1A1
ACOLBIFENE,ESR2
ACRIVASTINE,HRH1
ADAVOSERTIB,WEE1
ADENOSINE,ADORA1
ADENOSINE,ADORA2B
ADENOSINE,ADORA3
ADIPIPLON,GABRA3
ADUCANUMAB,APP
AEE-788,EGFR
AEE-788,ERBB2
AFATINIB,EGFR
AFATINIB,ERBB2
AFATINIB,ERBB4
AFIMOXIFENE,ESR2
AFLIBERCEPT,VEGFA
AG-24322,CDK4
ALBUTEROL,ADRB2
ALCAFTADINE,HRH1
ALCLOMETASONE DIPROPIONATE,NR3C1
ALDESLEUKIN,IL2RA
ALECTINIB,ALK
ALEGLITAZAR,PPARG
ALEMTUZUMAB,CD52
ALEPLASININ,SERPINE1
ALFACALCIDOL,VDR
ALOGLIPTIN,DPP4
ALOXIPRIN,PTGS2
ALPELISIB,PIK3CA
Alpelisib,PI3Ka
ALPRAZOLAM,GABRA3
ALPROSTADIL,PTGER2
ALTIRATINIB,MET
ALVOCIDIB,CDK4
ALVOCIDIB,CDK6
AME-133V,ITGB2
AMELUBANT,LTB4R
AMG 596,CD3
AMG 596,EGFRvIII
AMG-108,IL1R1
AMG-208,MET
AMG-232,MDM2
AMG-319,PIK3CD
AMG-337,MET
AMG-557,ICOSLG
AMG-714,IL15
AMG-780,ANGPT2
AMG-820,CSF1R
AMG-888,ERBB3
AMIFAMPRIDINE,KCNF1
AMIFAMPRIDINE,KCNS3
AMINOCAPROIC ACID,PLAT
AMLEXANOX,PDE4A
AMUVATINIB,MET
ANAGLIPTIN,DPP4
ANAKINRA,IL1R1
Anlotinib,KIT
Anlotinib,VEGFR2
Anlotinib,VEGFR3
ANTAZOLINE,HRH1
ANTI-TAC 90 Y-HAT,IL2RA
APAZONE,PTGS2
APITOLISIB,PIK3CA
APITOLISIB,PIK3CD
APLAVIROC,CCR5
APREMILAST,PDE4A
APRICOXIB,PTGS2
ARFORMOTEROL,ADRB2
ARHALOFENATE,PPARG
ARQ-736,RAF1
ARRY-382,CSF1R
ARTICAINE,SCN3A
ARTICAINE,SCN5A
ARTICAINE,SCN9A
ARZOXIFENE,ESR2
AS-1409,FN1
ASP-3026,ALK
ASPIRIN,PTGS2
ASTEMIZOLE,HRH1
AT-13148,MAPKAPK2
AT-7519,CDK4
AT-7519,CDK6
ATAGABALIN,CACNG4
Atezolizumab,PD-L1
ATOSIBAN,OXTR
ATRACURIUM,CHRNB1
ATX08-001,PPARG
AUS-131,ESR2
AV-203,ERBB3
AVACOPAN,C5AR1
AVAGACESTAT,PSENEN
Avapritinib,KIT
Avapritinib,PDGFRA
AVE-9633,CD33
AZATADINE,HRH1
AZD-1208,PIM1
AZD1305,SCN5A
AZD1390,ATM
AZD2423,CCR2
AZD3161,SCN9A
AZD3199,ADRB2
AZD4547,FGFR1
AZD-4547,FGFR1
AZD4818,CCR1
AZD5153,BRD4
AZD-5438,CDK4
AZD-5438,CDK6
AZD5672,CCR5
AZD6280,GABRA3
AZD7009,SCN5A
AZD7325,GABRA3
AZD8186,PI3Kb
AZD-8186,PIK3CD
AZD9056,P2RX7
AZELASTINE,HRH1
BAFETINIB,LYN
BALAGLITAZONE,PPARG
BALSALAZIDE,PPARG
BALSALAZIDE,PTGS2
BALUGRASTIM,CSF3R
BAMBUTEROL,ADRB2
BAN2401,APP
BAPINEUZUMAB,APP
BARDOXOLONE METHYL,NFE2L2
BARDOXOLONE METHYL,PPARG
BARUSIBAN,OXTR
BASILIXIMAB,IL2RA
BATEFENTEROL,ADRB2
BAY1067197,ADORA1
BAY-1082439,PIK3CA
BAZEDOXIFENE,ESR2
BB-10901,NCAM1
BECLOMETHASONE DIPROPIONATE,NR3C1
BECOCALCIDIOL,VDR
BEDORADRINE,ADRB2
BEGACESTAT,PSENEN
BEGELOMAB,DPP4
BELATACEPT,CD86
BELINOSTAT,HDAC2
Belinostat,pan-HDAC
BEMCENTINIB,AXL
BENFLUOREX,SOAT1
BENOXINATE,SCN3A
BENOXINATE,SCN5A
BENOXINATE,SCN9A
BENZYDAMINE,PTGS2
BEPOTASTINE,HRH1
BEPRIDIL,CACNG4
Berzosertib,ATR
BETAHISTINE,HRH1
BETAMETHASONE,NR3C1
BETAMETHASONE ACETATE,NR3C1
BETAMETHASONE BENZOATE,NR3C1
BETAMETHASONE DIPROPIONATE,NR3C1
BETAMETHASONE PHOSPHORIC ACID,NR3C1
BETAMETHASONE VALERATE,NR3C1
BEVACIZUMAB,VEGFA
Bevacizumab,VEGF-A
BEZAFIBRATE,PPARD
BEZAFIBRATE,PPARG
BGT-226,PIK3CA
BGT-226,PIK3CD
BHQ-880,DKK1
BI-505,ICAM1
BIIB-023,TNFSF12
BILASTINE,HRH1
BIMAGRUMAB,ACVR2B
Binimetinib,MEK1
Binimetinib,MEK2
Birabresib,BRD4
BIRINAPANT,BIRC3
BISMUTH SUBSALICYLATE,PTGS2
BITOLTEROL,ADRB2
BIVATUZUMAB,CD44
BKT140,CXCR4
BMS-690514,EGFR
BMS-690514,ERBB2
BMS-690514,ERBB4
BMS-777607,MET
BMS-779788,NR1H2
BMS-817378,MET
BMS-852927,NR1H2
BMS-852927,NR1H3
Bortezomib,26S proteasome
BOSUTINIB,HCK
BOSUTINIB,LYN
BPI-9016,AXL
BPI-9016,MET
BRE-3 90Y,MFGE8
BRENTUXIMAB VEDOTIN,TUBB6
BREXANOLONE,GABRA3
BRIGATINIB,ALK
BRIGATINIB,EGFR
BRINZOLAMIDE,CA2
BRIVANIB,FGFR1
BRIVANIB ALANINATE,FGFR1
BROLUCIZUMAB,VEGFA
BROMFENAC,PTGS2
BROMODIPHENHYDRAMINE,HRH1
BROMPHENIRAMINE,HRH1
BUCLIZINE,HRH1
BUDESONIDE,NR3C1
BUPARLISIB,PIK3CA
BUPARLISIB,PIK3CD
BURIXAFOR,CXCR4
CABAZITAXEL,TUBB6
CABOZANTINIB,MET
Cabozantinib,KIT
Cabozantinib,RET
Cabozantinib,VEGFR2
CAFFEINE,ADORA1
CAFFEINE,ADORA2B
CAFFEINE,ADORA3
CAL,PTHLH
CAL-263,PIK3CD
CALCIFEDIOL,VDR
CALCIPOTRIENE,VDR
CALCITRIOL,VDR
CANAKINUMAB,IL1B
CANERTINIB,EGFR
CANERTINIB,ERBB2
CANERTINIB,ERBB4
CANNABIDIOL,CNR1
CAPADENOSON,ADORA1
CAPMATINIB,MET
CARBAMAZEPINE,SCN3A
CARBAMAZEPINE,SCN5A
CARBAMAZEPINE,SCN9A
CARBETOCIN,OXTR
CARBINOXAMINE,HRH1
CARLUMAB,CCL2
CARMEGLIPTIN,DPP4
CARMOTEROL,ADRB2
CAROTUXIMAB,ENG
CARTEOLOL,ADRB2
CARVEDILOL,ADRB2
CCR5MAB004,CCR5
CCX140,CCR2
CCX354,CCR1
CE-224535,P2RX7
CELECOXIB,PTGS2
CELIPROLOL,ADRB2
Cemiplimab,PD-1
CENICRIVIROC,CCR2
CENICRIVIROC,CCR5
CENOBAMATE,GABRA3
CENOBAMATE,SCN3A
CENOBAMATE,SCN5A
CENOBAMATE,SCN9A
CEP-32496,EGFR
CEP-37440,ALK
CERDULATINIB,SYK
CERITINIB,ALK
CETIRIZINE,HRH1
CETUXIMAB,EGFR
CG250 111IN,CA9
CG250 177LU,CA9
CHLORDIAZEPOXIDE,GABRA3
CHLOROPROCAINE,SCN3A
CHLOROPROCAINE,SCN5A
CHLOROPROCAINE,SCN9A
CHLOROTRIANISENE,ESR2
CHLORPHENIRAMINE,HRH1
CHLORPHENOXAMINE,HRH1
CHLORZOXAZONE,KCNN4
CHOLECALCIFEROL,VDR
CICLESONIDE,NR3C1
CILENGITIDE,ITGB3
CILENGITIDE,ITGB5
CINNARIZINE,HRH1
CINTREDEKIN BESUDOTOX,IL13RA1
CINTREDEKIN BESUDOTOX,IL13RA2
CINTREDEKIN BESUDOTOX,IL4R
CISATRACURIUM,CHRNB1
CLAZAKIZUMAB,IL6
CLEMASTINE,HRH1
CLENBUTEROL,ADRB2
CLOBAZAM,GABRA3
CLOBETASOL PROPIONATE,NR3C1
CLOCORTOLONE PIVALATE,NR3C1
CLONAZEPAM,GABRA3
CLORAZEPIC ACID,GABRA3
CLOTIAZEPAM,GABRA3
CMV-pp65 Dendritic Cell Vaccine,CMV-pp65
Cobimetinib,MEKi
COLCHICINE,TUBB6
COLLAGENASE CLOSTRIDIUM HISTOLYTICUM,COL11A1
COLLAGENASE CLOSTRIDIUM HISTOLYTICUM,COL15A1
COLLAGENASE CLOSTRIDIUM HISTOLYTICUM,COL18A1
COLLAGENASE CLOSTRIDIUM HISTOLYTICUM,COL1A1
COLLAGENASE CLOSTRIDIUM HISTOLYTICUM,COL1A2
COLLAGENASE CLOSTRIDIUM HISTOLYTICUM,COL3A1
COLLAGENASE CLOSTRIDIUM HISTOLYTICUM,COL5A1
COLLAGENASE CLOSTRIDIUM HISTOLYTICUM,COL5A2
COLLAGENASE CLOSTRIDIUM HISTOLYTICUM,COL6A1
COLLAGENASE CLOSTRIDIUM HISTOLYTICUM,COL6A2
COLLAGENASE CLOSTRIDIUM HISTOLYTICUM,COL6A3
CONATUMUMAB,TNFRSF10B
CONBERCEPT,VEGFA
CONBERCEPT,VEGFB
COPANLISIB,PIK3CA
COPANLISIB,PIK3CD
CORT 125134,NR3C1
Corticorelin,CRH
CORTISONE ACETATE,NR3C1
CORTIVAZOL,NR3C1
CP-724714,ERBB2
CPI-0610,BRD4
CR 1447,ESR2
CRENEZUMAB,APP
CRISABOROLE,PDE4A
CRIZOTINIB,ALK
CRIZOTINIB,MET
Crizotinib,ROS1
CROLIBULIN,TUBA1C
CROLIBULIN,TUBA4A
CROLIBULIN,TUBB6
CUDC-101,EGFR
CUDC-101,ERBB2
CUDC-101,HDAC2
CYCLIZINE,HRH1
CYPROHEPTADINE,HRH1
CYPROTERONE ACETATE,NR3C1
Dabrafenib,BRAF
DACLIZUMAB,IL2RA
DACOMITINIB,EGFR
DACOMITINIB,ERBB2
DACOMITINIB,ERBB4
DACTOLISIB,PIK3CA
DACTOLISIB,PIK3CD
DALFAMPRIDINE,KCNF1
DALFAMPRIDINE,KCNS3
DANTROLENE,RYR3
DASATINIB,EPHA2
DASATINIB,FGR
DASATINIB,FYN
DASATINIB,HCK
DASATINIB,LCK
DASATINIB,LYN
Dasatinib,EPHRs
Dasatinib,KIT
Dasatinib,PDGFRs
Dasatinib,SRC
DAVALINTIDE,CALCRL
DAVALINTIDE,RAMP1
DAVUNETIDE,TUBA1C
DAVUNETIDE,TUBA4A
DAVUNETIDE,TUBB6
DB959,PPARD
DB959,PPARG
Debio1347,FGFR1
DEFLAZACORT,NR3C1
DELCASERTIB,PRKCD
DENILEUKIN DIFTITOX,IL2RA
DEPATUXIZUMAB MAFODOTIN,EGFR
DERAZANTINIB,FGFR1
DERENOFYLLINE,ADORA1
DESFLURANE,GABRA3
DESLANOSIDE,ATP1A1
DESLORATADINE,HRH1
DESONIDE,NR3C1
DESOXIMETASONE,NR3C1
DEXAMETHASONE,NR3C1
DEXAMETHASONE ACETATE,NR3C1
DEXAMETHASONE PHOSPHORIC ACID,NR3C1
DEXBROMPHENIRAMINE,HRH1
DEXCHLORPHENIRAMINE,HRH1
DEXIBUPROFEN,PTGS2
DEXKETOPROFEN,PTGS2
DEXTROTHYROXINE,THRA
DIAZEPAM,GABRA3
DIAZOXIDE,KCNJ8
DIBENZEPIN,HRH1
DIBUCAINE,SCN5A
DICHLORPHENAMIDE,CA12
DICHLORPHENAMIDE,CA2
DICLOFENAC,PTGS2
DIETHYLSTILBESTROL DIPHOSPHATE,ESR2
DIFLUNISAL,PTGS2
DIFLUPREDNATE,NR3C1
DIGITOXIN,ATP1A1
DIGOXIN,ATP1A1
DIMENHYDRINATE,HRH1
DIMETHINDENE,HRH1
DINOPROSTONE,PTGER2
DINOPROSTONE,PTGER4
DIPHENHYDRAMINE,HRH1
DIPHENYLPYRALINE,HRH1
DIPIVEFRIN,ADRB2
DIPYRIDAMOLE,PDE4A
DIPYRIDAMOLE,SLC29A1
DIPYRONE,PTGS2
DIQUAFOSOL,P2RY1
DIQUAFOSOL,P2RY6
DISOPYRAMIDE,SCN3A
DISOPYRAMIDE,SCN5A
DISOPYRAMIDE,SCN9A
DOBUTAMINE,ADRB2
DOCETAXEL,TUBB6
DOMAGROZUMAB,MSTN
DORZOLAMIDE,CA2
DOXERCALCIFEROL,VDR
DOXYCYCLINE,MMP7
DOXYLAMINE,HRH1
DP001,VDR
DRINABANT,CNR1
DRONABINOL,CNR1
DRONEDARONE,SCN3A
DRONEDARONE,SCN5A
DRONEDARONE,SCN9A
DROTAVERINE,PDE4A
DROXIDOPA,ADRB2
DROZITUMAB,TNFRSF10B
DS-7423,PIK3CA
DS-7423,PIK3CD
DULANERMIN,TNFRSF10B
DULIGOTUZUMAB,EGFR
DULIGOTUZUMAB,ERBB3
DUPILUMAB,IL4R
DUSIGITUMAB,IGF1
DUTOGLIPTIN,DPP4
DUVELISIB,PIK3CD
DUVOGLUSTAT,GAA
DYPHYLLINE,PDE4A
E2.3,TFR2
E-6201,MAP3K1
EBASTINE,HRH1
EDICOTINIB,CSF1R
EFALIZUMAB,ITGAL
EFATUTAZONE,PPARG
ELDELUMAB,CXCL10
ELIGLUSTAT,UGCG
ELOTUZUMAB,SLAMF7
EMACTUZUMAB,CSF1R
EMD-1204831,MET
EMEDASTINE,HRH1
EMIBETUZUMAB,MET
EMRICASAN,CASP1
EMRICASAN,CASP4
EMRICASAN,CASP7
EMRICASAN,CASP8
EMRICASAN,CASP9
ENCAINIDE,SCN3A
ENCAINIDE,SCN5A
ENCAINIDE,SCN9A
Encorafenib,BRAF
ENILURACIL,DPYD
ENMD-2076,CSF1R
ENMD-981693,FGFR1
ENMD-981693,FGR
ENMD-981693,FYN
ENMD-981693,HCK
ENMD-981693,LCK
ENMD-981693,LYN
ENSARTINIB,ALK
ENTINOSTAT,HDAC2
ENTOLIMOD,TLR5
ENTOSPLETINIB,SYK
ENTRECTINIB,ALK
Entrectinib,NTRK1
Entrectinib,NTRK2
Entrectinib,NTRK3
Epacadostat,IDO1
EPELSIBAN,OXTR
EPHEDRINE,ADRB2
EPINASTINE,HRH1
EPINEPHRINE,ADRB2
EPITINIB,EGFR
EPOPROSTENOL,PTGIR
EPTIFIBATIDE,ITGB3
ERDAFITINIB,FGFR1
Erdafitinib,FGFR2
Erdafitinib,FGFR3
Erdafitinib,FGFR4
ERENUMAB,CALCRL
ERGOCALCIFEROL,VDR
ERIBULIN,TUBB6
ERITORAN,LY96
ERLOSAMIDE,SCN3A
ERLOSAMIDE,SCN5A
ERLOSAMIDE,SCN9A
ERLOTINIB,EGFR
ERTEBEREL,ESR2
ERTUMAXOMAB,ERBB2
ESFLURBIPROFEN,PTGS2
ESLICARBAZEPINE,SCN3A
ESLICARBAZEPINE,SCN5A
ESLICARBAZEPINE,SCN9A
ESLICARBAZEPINE ACETATE,SCN3A
ESLICARBAZEPINE ACETATE,SCN5A
ESLICARBAZEPINE ACETATE,SCN9A
ESMIRTAZAPINE,HRH1
ESMOLOL,ADRB2
ESTAZOLAM,GABRA3
ESTRAMUSTINE PHOSPHATE,ESR2
ESTRIOL,ESR2
"ESTROGENS, CONJUGATED",ESR2
"ESTROGENS, ESTERIFIED",ESR2
ESUBERAPROST,PTGIR
ESZOPICLONE,GABRA3
ETALOCIB,LTB4R
ETALOCIB,PPARG
ETARACIZUMAB,ITGB3
ETHOTOIN,SCN3A
ETHOTOIN,SCN5A
ETHOTOIN,SCN9A
ETODOLAC,PTGS2
ETOMIDATE,GABRA3
ETORICOXIB,PTGS2
ETROLIZUMAB,ITGB7
EVENAMIDE,SCN3A
EVENAMIDE,SCN5A
EVENAMIDE,SCN9A
Everolimus,mTOR
EZATIOSTAT,GSTP1
F16IL2,TNC
F16SIP 131I,TNC
F19 131I,FAP
FALNIDAMOL,EGFR
FARAMPATOR,GRIA2
FARAMPATOR,GRIA4
FARGLITAZAR,PPARG
FE 202767,OXTR
FENOPROFEN,PTGS2
FENOTEROL,ADRB2
FEXOFENADINE,HRH1
FIBOFLAPON,ALOX5AP
FICLATUZUMAB,HGF
FILGRASTIM,CSF3R
FIMEPINOSTAT,HDAC2
FIMEPINOSTAT,PIK3CA
FIMEPINOSTAT,PIK3CD
Fimepinostat,HDAC
Fimepinostat,PI3K
FIRATEGRAST,ITGA4
FIRATEGRAST,ITGB1
FIRATEGRAST,ITGB7
FISPEMIFENE,ESR2
FLAVOXATE,PDE4A
FLECAINIDE,SCN5A
FLUMAZENIL,GABRA3
FLUNISOLIDE,NR3C1
FLUOCINOLONE ACETONIDE,NR3C1
FLUOCINONIDE,NR3C1
FLUOROMETHOLONE,NR3C1
FLUOROMETHOLONE ACETATE,NR3C1
FLURANDRENOLIDE,NR3C1
FLURAZEPAM,GABRA3
FLURBIPROFEN,PTGS2
FLUTICASONE FUROATE,NR3C1
FLUTICASONE PROPIONATE,NR3C1
FORETINIB,MET
FORMOTEROL,ADRB2
FOSBRETABULIN,TUBA1C
FOSBRETABULIN,TUBA4A
FOSBRETABULIN,TUBB6
FOSDAGROCORAT,NR3C1
FOSPHENYTOIN,SCN3A
FOSPHENYTOIN,SCN5A
FOSPHENYTOIN,SCN9A
FOSTAMATINIB,SYK
FRESOLIMUMAB,TGFB2
FULVESTRANT,ESR2
FUTUXIMAB,EGFR
GABOXADOL,GABRA3
GANAXOLONE,GABRA3
GANCOTAMAB,ERBB2
GANTENERUMAB,APP
GEDATOLISIB,PIK3CA
GEDATOLISIB,PIK3CD
GEFITINIB,EGFR
GEMIGLIPTIN,DPP4
GEMTUZUMAB,CD33
GEMTUZUMAB OZOGAMICIN,CD33
GEVOKIZUMAB,IL1B
GILTERITINIB,AXL
GIRENTUXIMAB,CA9
GLAFENINE,PTGS2
Glasdegib,SMO
GLEMBATUMUMAB,GPNMB
GLEMBATUMUMAB VEDOTIN,GPNMB
GLESATINIB,MET
GOLVATINIB,MET
GOSOGLIPTIN,DPP4
GSK-1059615,PIK3CA
GSK-1059615,PIK3CD
GSK-1070806,IL18
GSK1482160,P2RX7
GSK159802,ADRB2
GSK-1995057,TNFRSF1A
GSK-2269557,PIK3CD
GSK3326595,PRMT5
GSK-690693,PRKACA
GSK-690693,PRKCD
GSK933776,APP
GUANIDINE,KCNF1
GUANIDINE,KCNS3
GW493838,ADORA1
H3B-8800,Splicing
HALAZEPAM,GABRA3
HALOBETASOL PROPIONATE,NR3C1
HCBE-11,LTBR
HEMAY-022,ERBB2
HGS-1025,CCR5
HISTAMINE,HRH1
HM-71224,BTK
HMPL-523,SYK
HYDROCORTISONE,NR3C1
HYDROCORTISONE ACETATE,NR3C1
HYDROCORTISONE BUTYRATE,NR3C1
HYDROCORTISONE CYPIONATE,NR3C1
HYDROCORTISONE HEMISUCCINATE,NR3C1
HYDROCORTISONE PHOSPHORIC ACID,NR3C1
HYDROCORTISONE PROBUTATE,NR3C1
HYDROCORTISONE VALERATE,NR3C1
HYDROXYCHLOROQUINE,TLR7
Hydroxychloroquine,Autophagy
HYDROXYZINE,HRH1
HYODEOXYCHOLIC_ACID,NR1H2
HYODEOXYCHOLIC_ACID,NR1H3
IBALIZUMAB,CD4
IBIPINABANT,CNR1
IBRUTINIB,BTK
IBUDILAST,PDE4A
IBUPROFEN,PTGS2
IC14,CD14
Idasanutlin,MDM2
IDELALISIB,PIK3CD
ILOPROST,PTGIR
ILORASERTIB,FGR
ILORASERTIB,FYN
ILORASERTIB,HCK
ILORASERTIB,LCK
ILORASERTIB,LYN
ILX23-7553,VDR
IMAGABALIN,CACNG4
IMC-CS4,CSF1R
IMGATUZUMAB,EGFR
IMIGLITAZAR,PPARG
IMIQUIMOD,TLR7
INCAGN01876,GITR
INCB-40093,PIK3CD
INCB-9471,CCR5
INDACATEROL,ADRB2
INDATUXIMAB RAVTANSINE,SDC1
INDEGLITAZAR,PPARD
INDEGLITAZAR,PPARG
INDIBULIN,TUBA1C
INDIBULIN,TUBA4A
INDIBULIN,TUBB6
INDOMETHACIN,PTGS2
INDOPROFEN,PTGS2
INECALCITOL,VDR
INFIGRATINIB,FGFR1
INO-5401,PSMA
INO-5401,WT-1
INO-5401,hTERT
INO-9012,IL-12
INOLIMOMAB,IL2RA
INT131,PPARG
INTERFERON GAMMA-1B,IFNGR1
IODINE I 124 GIRENTUXIMAB,CA9
Ipatasertib,AKT
Ipilimumab,CTLA-4
ISOETHARINE,ADRB2
ISOFLURANE,GABRA3
ISOPROTERENOL,ADRB2
ISOXSUPRINE,ADRB2
IVOSIDENIB,IDH1
Ivosidenib,IDH1 R132H
IXABEPILONE,TUBB6
JI-101,EPHB4
JNJ-26483327,EGFR
JNJ-26483327,ERBB2
JNJ-26483327,ERBB4
JNJ-26483327,FYN
JNJ-26483327,LCK
JNJ-26483327,LYN
JNJ-38877605,MET
KETOPROFEN,PTGS2
KETOROLAC,PTGS2
KETOTIFEN,HRH1
KHK-2866,HBEGF
L19IL2,FN1
L19SIP 131I,FN1
L19TNFA,FN1
LABETALOL,ADRB2
LAMOTRIGINE,SCN3A
LAMOTRIGINE,SCN5A
LAMOTRIGINE,SCN9A
LANDOGROZUMAB,MSTN
LAPATINIB,EGFR
LAPATINIB,ERBB2
Lapatinib,HER2
Larotrectinib,NTRK1
Larotrectinib,NTRK2
Larotrectinib,NTRK3
Larotrectinib,TRKA
Larotrectinib,TRKB
Larotrectinib,TRKC
LAS190792,ADRB2
LASOFOXIFENE,ESR2
Lenvatinib,FGFR1
Lenvatinib,PDGFRA
Lenvatinib,PDGFRB
Lenvatinib,VEGFR2
Lenvatinib,VEGFR3
LERONLIMAB,CCR5
LEVOBUNOLOL,ADRB2
LEVOCABASTINE,HRH1
LEVOCETIRIZINE,HRH1
LEVOSALBUTAMOL,ADRB2
LEVOTHYROXINE,THRA
LEXATUMUMAB,TNFRSF10B
LEXIBULIN,TUBA1C
LEXIBULIN,TUBA4A
LEXIBULIN,TUBB6
LGH-447,PIM1
LIDOCAINE,SCN3A
LIDOCAINE,SCN5A
LIDOCAINE,SCN9A
LIFITEGRAST,ITGAL
LIFITEGRAST,ITGB2
LINAGLIPTIN,DPP4
LINIFANIB,CSF1R
Linrodostat,IDO1
LINTUZUMAB,CD33
LIOTHYRONINE,THRA
LIPEGFILGRASTIM,CSF3R
LMB-2,IL2RA
LOMITAPIDE,MTTP
LORATADINE,HRH1
LORAZEPAM,GABRA3
LORLATINIB,ALK
Lorlatinib,ROS1
LORVOTUZUMAB MERTANSINE,NCAM1
LOTEPREDNOL ETABONATE,NR3C1
LOXOPROFEN,PTGS2
LUCITANIB,FGFR1
LUMIRACOXIB,PTGS2
LUMRETUZUMAB,ERBB3
LUNACALCIPOL,VDR
Lurbinectedin,RNA polymerase II
LUSPATERCEPT,TGFB2
LY2624803,HRH1
LY-2787106,HAMP
LY-2874455,FGFR1
LY-3009120,RAF1
LY377604,ADRB2
M195,CD33
MAB-425,EGFR
MAPRACORAT,NR3C1
MARAVIROC,CCR5
MARGETUXIMAB,ERBB2
MARIMASTAT,MMP7
MARIZOMIB,PSMB10
Marizomib,Proteasome
MATUZUMAB,EGFR
MAVRILIMUMAB,CSF2RB
MBX-2044,PPARG
MDNA55,IL-4R
MDX-1411,CD70
MDX-447,EGFR
MDX-447,FCGR1A
ME-344,NDUFA4L2
ME-344,NDUFC1
ME-401,PIK3CD
MECLIZINE,HRH1
MECLOFENAMIC ACID,PTGS2
MEDI-2338,IL18
MEDI-3617,ANGPT2
MEDI-5117,IL6
MEDI-8968,IL1R1
MEDRYSONE,NR3C1
MEFENAMIC ACID,PTGS2
MELOXICAM,PTGS2
MEPHENTERMINE,ADRB2
MEPHENYTOIN,SCN3A
MEPHENYTOIN,SCN5A
MEPHENYTOIN,SCN9A
MEPIVACAINE,SCN3A
MEPIVACAINE,SCN5A
MEPIVACAINE,SCN9A
MEPOLIZUMAB,IL5
MEPREDNISONE,NR3C1
MEPROBAMATE,GABRA3
MERESTINIB,MET
MESALAMINE,PPARG
MESALAMINE,PTGS2
METAPROTERENOL,ADRB2
METFORMIN,GPD2
METFORMIN,NDUFA4L2
METFORMIN,NDUFC1
METHAPYRILENE,HRH1
METHAZOLAMIDE,CA2
METHDILAZINE,HRH1
METHOXYFLURANE,GABRA3
METHYLPREDNISOLONE,NR3C1
METHYLPREDNISOLONE ACETATE,NR3C1
METHYLPREDNISOLONE HEMISUCCINATE,NR3C1
METHYLPROMAZINE,HRH1
METIPRANOLOL,ADRB2
MEXILETINE,SCN3A
MEXILETINE,SCN5A
MEXILETINE,SCN9A
MF101,ESR2
MIBAMPATOR,GRIA2
MIBAMPATOR,GRIA4
MIDAZOLAM,GABRA3
MIDOSTAURIN,PRKCD
MIFAMURTIDE,NOD2
MIFEPRISTONE,NR3C1
MIGLITOL,GAA
MIGLUSTAT,UGCG
MILATUZUMAB,CD74
MILCICLIB,CDK4
MILVETEROL,ADRB2
MINOXIDIL,ABCC9
MIRVETUXIMAB SORAVTANSINE,TUBA1C
MIRVETUXIMAB SORAVTANSINE,TUBA4A
MIRVETUXIMAB SORAVTANSINE,TUBB6
MIVACURIUM,CHRNB1
Mivebresib,BRD4
MIZOLASTINE,HRH1
MK-0533,PPARG
MK-2461,MET
MK3207,CALCRL
MK-4166,GITR
MK-8033,MET
MK-8777,GRIA2
MK-8777,GRIA4
MLN-2480,RAF1
MM-121,ERBB3
MOCETINOSTAT,HDAC2
Molibresib,BRD4
MOMETASONE FUROATE,NR3C1
MORICIZINE,SCN3A
MORICIZINE,SCN5A
MORICIZINE,SCN9A
MP-412,EGFR
MP-412,ERBB2
MRA 003 US,IL6
MSC-2364447,BTK
MSX-122,CXCR4
MUBRITINIB,ERBB2
MUPARFOSTAT,HPSE
MUPARFOSTAT,VEGFA
MURAGLITAZAR,PPARG
MYCOPHENOLATE MOFETIL,IMPDH1
MYCOPHENOLIC ACID,IMPDH1
NABILONE,CNR1
Nab-Rapamycin,mTOR
NABUMETONE,PTGS2
NADOLOL,ADRB2
NAMODENOSON,ADORA3
NAPROXCINOD,PTGS2
NAPROXEN,PTGS2
NAPROXEN ETEMESIL,PTGS2
NARATUXIMAB EMTANSINE,CD37
NATALIZUMAB,ITGA4
NAVEGLITAZAR,PPARG
NAZARTINIB,EGFR
NEBIVOLOL,ADRB2
NECITUMUMAB,EGFR
NEPAFENAC,PTGS2
NERAMEXANE,CHRNA9
NERATINIB,EGFR
NERATINIB,ERBB2
NERATINIB,ERBB4
Neratinib,HER2
NERISPIRDINE,KCNF1
NERISPIRDINE,KCNS3
NERISPIRDINE,SCN3A
NERISPIRDINE,SCN5A
NERISPIRDINE,SCN9A
NESVACUMAB,ANGPT2
NI-0801,CXCL10
Nilotinib,ABL
Nilotinib,BCR-ABL
Nilotinib,FGFR1
Nilotinib,KIT
Nilotinib,PDGFRA
Nilotinib,PDGFRB
NIMOTUZUMAB,EGFR
NINTEDANIB,FGFR1
NIRAPARIB,PARP2
Niraparib,PARP1
NIVOCASAN,CASP1
NIVOCASAN,CASP8
NIVOCASAN,CASP9
Nivolumab,PD-1
NOREPINEPHRINE,ADRB2
OBATOCLAX,BCL2A1
OBATOCLAX,MCL1
OCRIPLASMIN,COL11A1
OCRIPLASMIN,COL15A1
OCRIPLASMIN,COL18A1
OCRIPLASMIN,COL1A1
OCRIPLASMIN,COL1A2
OCRIPLASMIN,COL3A1
OCRIPLASMIN,COL5A1
OCRIPLASMIN,COL5A2
OCRIPLASMIN,COL6A1
OCRIPLASMIN,COL6A2
OCRIPLASMIN,COL6A3
OCRIPLASMIN,FN1
OCRIPLASMIN,LAMA2
OCRIPLASMIN,LAMA4
OCRIPLASMIN,LAMA5
OCRIPLASMIN,LAMB1
OCRIPLASMIN,LAMC1
OKN-007,SULF2
OLAPARIB,PARP2
Olaparib,PARP1
OLCEGEPANT,CALCRL
OLMUTINIB,EGFR
OLODATEROL,ADRB2
OLOKIZUMAB,IL6
OLOPATADINE,HRH1
OLSALAZINE,PPARG
OLSALAZINE,PTGS2
OMARIGLIPTIN,DPP4
OMIPALISIB,PIK3CA
OMIPALISIB,PIK3CD
ONARTUZUMAB,MET
ONC201,DRD2
ONC201,mitochondrial protease ClpP
ONTUXIZUMAB,CD248
OPROZOMIB,PSMB10
OPROZOMIB,PSMC2
ORANTINIB,FGFR1
OREGOVOMAB,MUC16
ORG-34517,NR3C1
ORPHENADRINE,HRH1
ORPHENADRINE,SCN3A
ORPHENADRINE,SCN5A
ORPHENADRINE,SCN9A
OSIMERTINIB,EGFR
OSPEMIFENE,ESR2
OTENABANT,CNR1
OTLERTUZUMAB,CD37
OXAPROZIN,PTGS2
OXAZEPAM,GABRA3
OXCARBAZEPINE,SCN3A
OXCARBAZEPINE,SCN5A
OXCARBAZEPINE,SCN9A
OXELUMAB,TNFSF4
OXPRENOLOL,ADRB2
OXYPHENBUTAZONE,PTGS2
OXYTOCIN,OXTR
PA-799,PIK3CA
PA-799,PIK3CD
PACLITAXEL,TUBB6
PACLITAXEL POLIGLUMEX,TUBA1C
PACLITAXEL POLIGLUMEX,TUBA4A
PACLITAXEL POLIGLUMEX,TUBB6
PALBOCICLIB,CDK4
PALBOCICLIB,CDK6
Pamiparib,PARP1
PANITUMUMAB,EGFR
PANOBINOSTAT,HDAC2
Panobinostat,HDAC
PANULISIB,PIK3CA
PANULISIB,PIK3CD
PARECOXIB,PTGS2
PARICALCITOL,VDR
PATRITUMAB,ERBB3
Paxalisib,PI3K
Paxalisib,mTOR
PAZOPANIB,CSF1R
PAZOPANIB,FGFR1
PAZOPANIB,LCK
PBF-680,ADORA1
PEFCALCITOL,VDR
PEGAPTANIB SODIUM,VEGFA
PEGFILGRASTIM,CSF3R
PEGINTERFERON LAMBDA-1A,IL10RB
PELITINIB,EGFR
Pembrolizumab,PD-1
Pemigatinib,FGFR1
Pemigatinib,FGFR2
Pemigatinib,FGFR3
PENBUTOLOL,ADRB2
PENTOXIFYLLINE,ADORA2B
PENTOXIFYLLINE,PDE4A
PERAMPANEL,GRIA2
PERAMPANEL,GRIA4
PERTUZUMAB,ERBB2
Pertuzumab,HER2
PEXIDARTINIB,CSF1R
PF-04217903,MET
PF-04236921,IL6
PF-04605412,ITGA5
PF-04634817,CCR2
PF-04634817,CCR5
PF-04691502,PIK3CA
PF-04691502,PIK3CD
PF-04958242,GRIA2
PF-04958242,GRIA4
PF-05089771,SCN9A
PF-06372865,GABRA3
PF-06651600,BTK
PHA-793887,CDK4
PHA-793887,CDK6
PHENACEMIDE,SCN3A
PHENACEMIDE,SCN5A
PHENACEMIDE,SCN9A
PHENAZOPYRIDINE,SCN3A
PHENAZOPYRIDINE,SCN5A
PHENAZOPYRIDINE,SCN9A
PHENIRAMINE,HRH1
PHENYLBUTAZONE,PTGS2
PHENYTOIN,SCN3A
PHENYTOIN,SCN5A
PHENYTOIN,SCN9A
PICLIDENOSON,ADORA3
PICTILISIB,PIK3CA
PICTILISIB,PIK3CD
PILARALISIB,PIK3CA
PILARALISIB,PIK3CD
PINACIDIL,ABCC9
PINDOLOL,ADRB2
PIOGLITAZONE,PPARG
PIRBUTEROL,ADRB2
PIROXICAM,PTGS2
PIRPROFEN,PTGS2
PKI-179,PIK3CA
PLERIXAFOR,CXCR4
PLINABULIN,TUBA1C
PLINABULIN,TUBA4A
PLINABULIN,TUBB6
PLOZALIZUMAB,CCR2
PLX-5622,CSF1R
PLX-7486,CSF1R
POL6326,CXCR4
POLATUZUMAB VEDOTIN,TUBB6
POLMACOXIB,CA2
POLMACOXIB,PTGS2
PONATINIB,BCR
PONEZUMAB,APP
POZIOTINIB,EGFR
POZIOTINIB,ERBB2
POZIOTINIB,ERBB3
POZIOTINIB,ERBB4
PRAZEPAM,GABRA3
PREDNICARBATE,NR3C1
PREDNISOLONE,NR3C1
PREDNISOLONE ACETATE,NR3C1
PREDNISOLONE PHOSPHORIC ACID,NR3C1
PREDNISOLONE TEBUTATE,NR3C1
PREDNISONE,NR3C1
PRENYLAMINE,SCN5A
PRILOCAINE,SCN3A
PRILOCAINE,SCN5A
PRILOCAINE,SCN9A
PRIMIDONE,SCN3A
PRIMIDONE,SCN5A
PRIMIDONE,SCN9A
PRINABEREL,ESR2
PROBUCOL,ABCA1
PROCAINAMIDE,SCN3A
PROCAINAMIDE,SCN5A
PROCAINAMIDE,SCN9A
PROCAINE,SCN3A
PROCAINE,SCN5A
PROCAINE,SCN9A
PROMETHAZINE,HRH1
PROPAFENONE,ADRB2
PROPAFENONE,SCN3A
PROPAFENONE,SCN5A
PROPAFENONE,SCN9A
PROPARACAINE,SCN3A
PROPARACAINE,SCN5A
PROPARACAINE,SCN9A
PROPOFOL,GABRA3
PROPRANOLOL,ADRB2
PYRILAMINE,HRH1
PYROTINIB,EGFR
PYROTINIB,ERBB2
QUINIDINE,SCN3A
QUINIDINE,SCN5A
QUINIDINE,SCN9A
QUINIDINE POLYGALACTURONATE,SCN3A
QUINIDINE POLYGALACTURONATE,SCN5A
QUINIDINE POLYGALACTURONATE,SCN9A
QUIZARTINIB,CSF1R
R-333,SYK
R-343,SYK
R-348,SYK
RALFINAMIDE,SCN3A
RALFINAMIDE,SCN5A
RALFINAMIDE,SCN9A
RALINEPAG,PTGIR
RALOXIFENE,ESR2
RAMATERCEPT,MSTN
RAMATROBAN,TBXA2R
RANIBIZUMAB,VEGFA
RANOLAZINE,SCN5A
REGORAFENIB,DDR2
REGORAFENIB,FGFR1
REGORAFENIB,RAF1
Regorafenib,TIE2
Regorafenib,VEGFR2
RESEQUINIL,GABRA3
RESLIZUMAB,IL5
Retifanlimab,PD-1
RETOSIBAN,OXTR
RG-1530,FGFR1
RG-547,CDK4
RG-7666,PIK3CA
RG-7666,PIK3CD
RGB-286638,CDK4
RGX-104,NR1H2
RGX-104,NR1H3
RIBAVIRIN,IMPDH1
RIBOCICLIB,CDK4
RIBOCICLIB,CDK6
RILONACEPT,IL1B
RILOTUMUMAB,HGF
RILUZOLE,SCN3A
RILUZOLE,SCN5A
RILUZOLE,SCN9A
RIMEGEPANT,CALCRL
RIMEXOLONE,NR3C1
RIMONABANT,CNR1
RINTATOLIMOD,TLR3
Ripretinib,KIT
Ripretinib,PDGFRA
RITODRINE,ADRB2
RIVENPROST,PTGER4
RIVOGLITAZONE,PPARG
RO-5458640,TNFSF12
ROCILETINIB,EGFR
ROCURONIUM,CHRNB1
ROFECOXIB,PTGS2
ROFLUMILAST,PDE4A
ROGARATINIB,FGFR1
ROLOFYLLINE,ADORA1
ROMIDEPSIN,HDAC2
RONICICLIB,CDK4
RONICICLIB,CDK6
ROPIVACAINE,SCN3A
ROPIVACAINE,SCN5A
ROPIVACAINE,SCN9A
ROSIGLITAZONE,PPARG
RP-6530,PIK3CD
RUCAPARIB,PARP2
RUFINAMIDE,SCN3A
RUFINAMIDE,SCN5A
RUFINAMIDE,SCN9A
RUPATADINE,HRH1
RUPATADINE,PTAFR
Ruxolitinib,JAK1
Ruxolitinib,JAK2
Sacituzumab Govitecan,TROP2
SAD448,CNR1
SAGOPILONE,TUBA1C
SAGOPILONE,TUBA4A
SAGOPILONE,TUBB6
SALMETEROL,ADRB2
SAMOTOLISIB,PIK3CA
SAMOTOLISIB,PIK3CD
SAPITINIB,EGFR
SAPITINIB,ERBB2
SAPITINIB,ERBB3
SAR-125844,MET
SARILUMAB,IL6R
SATRALIZUMAB,IL6R
SAVOLITINIB,MET
SAXAGLIPTIN,DPP4
SCH-708980,IL10
SELADELPAR,PPARD
SELEXIPAG,PTGIR
SELODENOSON,ADORA1
Selumetinib,MEK
SELURAMPANEL,GRIA2
SELURAMPANEL,GRIA4
SEMAGACESTAT,PSENEN
SENICAPOC,KCNN4
SEOCALCITOL,VDR
SERABELISIB,PIK3CA
SERIBANTUMAB,ERBB3
SEVOFLURANE,GABRA3
SF-1126,PIK3CA
SF-1126,PIK3CD
SGI-1776,PIM1
SGX-523,MET
SIBROTUZUMAB,FAP
SILTUXIMAB,IL6
SIMOTINIB,EGFR
SIPULEUCEL-T,ACPP
SIRUKUMAB,IL6
SITAGLIPTIN,DPP4
SODELGLITAZAR,PPARD
SODELGLITAZAR,PPARG
SODIUM DICHLOROACETATE,PDK4
SOFITUZUMAB VEDOTIN,MUC16
SOLANEZUMAB,APP
SONOLISIB,PIK3CA
SONOLISIB,PIK3CD
SORAFENIB,RAF1
Sorafenib,BRAF
Sorafenib,FLT3
Sorafenib,KIT
Sorafenib,PDGFRB
Sorafenib,VEGFR2
SOTALOL,ADRB2
SOTRASTAURIN,PRKCD
SPEBRUTINIB,BTK
STAMULUMAB,MSTN
SULFASALAZINE,PTGS2
SULINDAC,PTGS2
SULOCTIDIL,CACNG4
SUNITINIB,CSF1R
SUPROFEN,PTGS2
SURINABANT,CNR1
SURUFATINIB,FGFR1
SUXAMETHONIUM,CHRNB1
"SYNTHETIC CONJUGATED ESTROGENS, B",ESR2
TACEDINALINE,HDAC2
TAK-285,EGFR
TAK-285,ERBB2
TAK-659,SYK
TALAZOPARIB,PARP2
TARANABANT,CNR1
TARENFLURBIL,PSENEN
TASELISIB,PIK3CA
TASELISIB,PIK3CD
Tazemetostat,EZH2
T-DM1,ERBB2
TECADENOSON,ADORA1
TEDISAMIL,KCNF1
TEDISAMIL,KCNS3
TELCAGEPANT,CALCRL
TELISOTUZUMAB,MET
TELRATOLIMOD,TLR7
TELRATOLIMOD,TLR8
TEMAZEPAM,GABRA3
TENATUMOMAB,TNC
TENELIGLIPTIN,DPP4
TEPOTINIB,MET
TERBOGREL,TBXA2R
TERBOGREL,TBXAS1
TERBUTALINE,ADRB2
TERFENADINE,HRH1
TERODILINE,CACNG4
TESAGLITAZAR,PPARG
TESEVATINIB,EGFR
TESEVATINIB,EPHB4
TESEVATINIB,ERBB2
TETRACAINE,SCN3A
TETRACAINE,SCN5A
TETRACAINE,SCN9A
TEZAMPANEL,GRIA2
TEZAMPANEL,GRIA4
TG100-115,PIK3CD
TG100-801,EPHB4
TG100-801,FGFR1
TG100-801,FGR
TG100-801,FYN
TG100-801,HCK
TG100-801,LCK
TG100-801,LYN
THELIATINIB,EGFR
THENALIDINE,HRH1
THEOPHYLLINE,ADORA1
THEOPHYLLINE,ADORA2B
THEOPHYLLINE,ADORA3
THEOPHYLLINE,PDE4A
THIOGUANINE,IMPDH1
TIGATUZUMAB,TNFRSF10B
TIMOLOL,ADRB2
TIRABRUTINIB,BTK
TIROFIBAN,ITGB3
TIVANTINIB,MET
TOCAINIDE,SCN3A
TOCAINIDE,SCN5A
TOCAINIDE,SCN9A
TOCILIZUMAB,IL6R
TOLAZOLINE,HRH1
TOLMETIN,PTGS2
TONAPOFYLLINE,ADORA1
TOPIRAMATE,CA2
TOPIRAMATE,GABRA3
TOPIRAMATE,GRIA2
TOPIRAMATE,GRIA4
TOPIRAMATE,SCN3A
TOPIRAMATE,SCN5A
TOPIRAMATE,SCN9A
TOREMIFENE,ESR2
TOSEDOSTAT,ANPEP
TOSEDOSTAT,DNPEP
TOSEDOSTAT,NPEPL1
Trabedersen,TGF-beta2
TRABODENOSON,ADORA1
Trametinib,MEKi
TRASTUZUMAB,ERBB2
Trastuzumab,HER2
TRASTUZUMAB DERUXTECAN,ERBB2
Trastuzumab deruxtecan,HER2
TRASTUZUMAB EMTANSINE,ERBB2
TRASTUZUMAB EMTANSINE,TUBB6
Trastuzumab emtansine,HER2
TREBANANIB,ANGPT2
TREGALIZUMAB,CD4
TRELAGLIPTIN,DPP4
TREPROSTINIL,PTGIR
TREVOGRUMAB,MSTN
TRIAMCINOLONE,NR3C1
TRIAMCINOLONE ACETONIDE,NR3C1
TRIAMCINOLONE DIACETATE,NR3C1
TRIAMCINOLONE HEXACETONIDE,NR3C1
TRIAZOLAM,GABRA3
TRICLOFOS,GABRA3
TRIMIPRAMINE,HRH1
TRIPELENNAMINE,HRH1
TRIPROLIDINE,HRH1
TROGLITAZONE,PPARG
TUCATINIB,ERBB2
UBROGEPANT,CALCRL
UCN-01,CDK4
UCN-01,CDK6
UCN-01,PRKCD
Ulixertinib,ERK
ULOCUPLUMAB,CXCR4
UMBRALISIB,PIK3CD
VALDECOXIB,PTGS2
VANDETANIB,EGFR
VANDETANIB,EPHA2
VANDETANIB,EPHB1
VANDETANIB,EPHB2
VANDETANIB,EPHB4
VANDETANIB,ERBB2
VANDETANIB,ERBB3
VANDETANIB,ERBB4
VANTICTUMAB,FZD1
VANTICTUMAB,FZD7
VANUCIZUMAB,ANGPT2
VANUCIZUMAB,VEGFA
VARESPLADIB METHYL,PLA2G5
VARLILUMAB,CD27
VARLITINIB,EGFR
VARLITINIB,ERBB2
VATALANIB,CSF1R
VB-111,Anti-angiogenic adenovirus
VECURONIUM,CHRNB1
VEDOLIZUMAB,ITGA4
VEDOLIZUMAB,ITGB7
VELIPARIB,PARP2
Veliparib,PARP1
Vemurafenib,BRAF-V600E
VERUBULIN,TUBA1C
VERUBULIN,TUBA4A
VERUBULIN,TUBB6
VESENCUMAB,NRP1
VICRIVIROC,CCR5
VILANTEROL,ADRB2
VILDAGLIPTIN,DPP4
VINBLASTINE,TUBB6
VINCRISTINE,TUBB6
VINFLUNINE,TUBA1C
VINFLUNINE,TUBA4A
VINFLUNINE,TUBB6
VINORELBINE,TUBB6
VIXOTRIGINE,SCN9A
VOBARILIZUMAB,IL6R
VOGLIBOSE,GAA
VOLOCIXIMAB,ITGA5
VOLOCIXIMAB,ITGB1
Vorasidenib,IDH1
Vorasidenib,IDH2
VORINOSTAT,HDAC2
VORSETUZUMAB MAFODOTIN,CD70
VORUCICLIB,CDK4
VOXTALISIB,PIK3CA
VOXTALISIB,PIK3CD
VS-5584,PIK3CA
VS-5584,PIK3CD
WX-037,PIK3CA
WX-037,PIK3CD
XL-228,FGR
XL-228,FYN
XL-228,HCK
XL-228,LCK
XL-228,LYN
XL-281,RAF1
XL-999,FGFR1
ZALUTUMUMAB,EGFR
ZANOLIMUMAB,CD4
ZANUBRUTINIB,BTK
ZONAMPANEL,GRIA2
ZONAMPANEL,GRIA4
ZONISAMIDE,SCN3A
ZONISAMIDE,SCN5A
ZONISAMIDE,SCN9A
ZSTK-474,PIK3CA
ZSTK-474,PIK3CD
